Angel,Mortal
marooncus,raininsg
drommyy,bermudaya
ethanyeo02,yuxinnnnH
cannotsia,samsong03
victoriaxlim,xueeehuapiaopiao
pheishawn,ilovemysuns
dylanngweee,kaylakkh
techsaviy,thadducelettuce
lukasleee,mariaxu1019
squidmaine,fsn2103
matcus,lemeowy
lee6iang,ansonchh
chowz,avosaregreen
linuslohh,feliseeee
shuan231,marcepoopoo
zozibo,shahedkbawe
joxiah,darentanrw
maggiemeemee,mo0n
OhRaySen,kevirtual
kxllyn,stillyangwastingmyyouth
jacobbbbh,loser_of_the_year
Elisha_Loh,kalent
j_caff,hannahhoo
blurkeith,keislr
chewytofu,trolloy
milindbordia,asparaguas
Livlaughlava,cheryltsu
andrea_bolliger,henfay
sarawrchu,yi_hongg
javocaddo,kawaiiii_hibari
YeeCher,camyeo
Mart0ut,cornberly
ewingcorp,arielchannn
reneeeetmq,Hinlokk
hui_si,faith_kelly
ImperialDomy,Hoaroile
feng_wei,avrilmoh
